{"Training_Loss": 0.011922974666615701, "Validation_Loss": 0.22856508443752924, "Training_R2": 0.9880639504811127, "Validation_R2": 0.7874679855751833, "Training_F1": 0.9400322462708116, "Validation_F1": 0.7345449184484499, "Training_NEP": 0.11997484063352626, "Validation_NEP": 0.5040597397950365, "Training_NDE": 0.008960604239035927, "Validation_NDE": 0.16924929285203308, "Training_MAE": 3.973328786016329, "Validation_MAE": 13.823409280939341, "Training_MSE": 39.425254821777344, "Validation_MSE": 625.032958984375, "_timestamp": 1646686555, "_runtime": 590, "_step": 80, "_wandb": {"runtime": 592}}