{"Training_Loss": 0.8499437694380313, "Validation_Loss": 1.077668218928225, "Training_R2": 0.15006015399701955, "Validation_R2": 0.13884378539676157, "Training_F1": 0.6484325305342361, "Validation_F1": 0.332395144264697, "Training_NEP": 0.7045454731295131, "Validation_NEP": 1.3301642462368524, "Training_NDE": 0.424732544735869, "Validation_NDE": 0.6973463287758084, "Training_MAE": 48.84629804149822, "Validation_MAE": 38.00266935163074, "Training_MSE": 4080.82861328125, "Validation_MSE": 2992.320068359375, "_timestamp": 1649723145, "_runtime": 1146, "_step": 8, "_wandb": {"runtime": 1144}}