{"Training_Loss": 0.7939415991306304, "Validation_Loss": 0.7466262024788817, "Training_R2": 0.2100468379803867, "Validation_R2": 0.21928417996571703, "Training_F1": 0.6755364429320929, "Validation_F1": 0.6520331718532796, "Training_NEP": 0.6481284996108924, "Validation_NEP": 0.6517538107018094, "Training_NDE": 0.3905389959445825, "Validation_NDE": 0.4166080956590089, "Training_MAE": 45.531639736890796, "Validation_MAE": 44.3010708320178, "Training_MSE": 3811.945068359375, "Validation_MSE": 4127.16748046875, "_timestamp": 1650066886, "_runtime": 349, "_step": 8, "_wandb": {"runtime": 551}}