{"Training_Loss": 0.06668200200566879, "Validation_Loss": 0.9367271727985806, "Training_R2": 0.933403095016133, "Validation_R2": 0.12731586633911363, "Training_F1": 0.8870941830095618, "Validation_F1": 0.3838674948708274, "Training_NEP": 0.22580390919256615, "Validation_NEP": 1.171792727578538, "Training_NDE": 0.04321416213307763, "Validation_NDE": 0.6949596412805065, "Training_MAE": 9.971696523247074, "Validation_MAE": 32.13541806043263, "Training_MSE": 240.02691650390625, "Validation_MSE": 2566.466796875, "_timestamp": 1647025815, "_runtime": 1695, "_step": 216, "_wandb": {"runtime": 1701}}