{"Training_Loss": 0.7827401417549009, "Validation_Loss": 1.1126061774352018, "Training_R2": 0.21726347423822867, "Validation_R2": 0.11054482747393501, "Training_F1": 0.6758303654378748, "Validation_F1": 0.3222203080248701, "Training_NEP": 0.6476988158604429, "Validation_NEP": 1.3743073807644184, "Training_NDE": 0.3911496537171933, "Validation_NDE": 0.7202622342538363, "Training_MAE": 44.90510635192012, "Validation_MAE": 39.26383461775603, "Training_MSE": 3758.16357421875, "Validation_MSE": 3090.65234375, "_timestamp": 1649827817, "_runtime": 338, "_step": 8, "_wandb": {"runtime": 339}}