{"Training_Loss": 0.0866208341472104, "Validation_Loss": 1.5596044892377228, "Training_R2": 0.912137815408406, "Validation_R2": -0.6960372827284975, "Training_F1": 0.8895326966535919, "Validation_F1": 0.2922324494662074, "Training_NEP": 0.2209508661924365, "Validation_NEP": 1.3124464333840224, "Training_NDE": 0.04474564033811527, "Validation_NDE": 1.1169819882777159, "Training_MAE": 9.498718823324221, "Validation_MAE": 61.062052394076154, "Training_MSE": 168.5184326171875, "Validation_MSE": 7081.7587890625, "_timestamp": 1650574917, "_runtime": 277155, "_step": 659, "Test_Loss": 2.053435034560461, "Test_R2_Value": -1.160221600993904, "Test_F1_Score": 0.09676547659820038, "Test_NEP": 1.4520043303951196, "Test_NDE": 1.378362342578485, "Test_MAE": 71.72888061067619, "Test_MSE": 9293.6298828125}