{"Training_Loss": 0.19281338239433587, "Validation_Loss": 0.8292539442989452, "Training_R2": 0.8082077139849118, "Validation_R2": 0.1327635827880087, "Training_F1": 0.8395205846406862, "Validation_F1": 0.6317120331997729, "Training_NEP": 0.32081899073793746, "Validation_NEP": 0.6875199570756387, "Training_NDE": 0.0946551642564141, "Validation_NDE": 0.46277749597153556, "Training_MAE": 22.579409526674837, "Validation_MAE": 46.73217067045091, "Training_MSE": 925.7532958984375, "Validation_MSE": 4584.548828125, "_timestamp": 1650076908, "_runtime": 4887, "_step": 83, "Test_Loss": 1.0349902447220707, "Test_R2_Value": -0.006188958961045321, "Test_F1_Score": 0.5692951636548166, "Test_NEP": 0.782936103901929, "Test_NDE": 0.5604466506190462, "Test_MAE": 52.56683297692058, "Test_MSE": 5702.9677734375, "_wandb": {"runtime": 4888}}