{"Training_Loss": 0.15159667348374187, "Validation_Loss": 0.842570943280685, "Training_R2": 0.8475490598205435, "Validation_R2": 0.11923738418311203, "Training_F1": 0.8577011777338981, "Validation_F1": 0.6736298792147425, "Training_NEP": 0.2845061036019201, "Validation_NEP": 0.6763048106595374, "Training_NDE": 0.07601619863935426, "Validation_NDE": 0.4699953897270945, "Training_MAE": 19.712546527312124, "Validation_MAE": 45.969853691841834, "Training_MSE": 727.8598022460938, "Validation_MSE": 4656.05419921875, "_timestamp": 1650088320, "_runtime": 10073, "_step": 92, "Test_Loss": 0.9861335946508676, "Test_R2_Value": 0.04372294364727625, "Test_F1_Score": 0.6046525024326868, "Test_NEP": 0.7654420986889082, "Test_NDE": 0.5326457506054523, "Test_MAE": 51.39227422870703, "Test_MSE": 5420.07275390625, "_wandb": {"runtime": 10169}}