{"Training_Loss": 0.7852039598112489, "Validation_Loss": 1.1397291351767147, "Training_R2": 0.21479966257658578, "Validation_R2": 0.08867625398331624, "Training_F1": 0.6776307051306748, "Validation_F1": 0.31723728624478764, "Training_NEP": 0.6445958942282474, "Validation_NEP": 1.3380319920532886, "Training_NDE": 0.3923808714342132, "Validation_NDE": 0.7379709486318347, "Training_MAE": 44.689980088781425, "Validation_MAE": 38.22745012111134, "Training_MSE": 3769.992919921875, "Validation_MSE": 3166.640869140625, "_timestamp": 1649826753, "_runtime": 337, "_step": 8, "_wandb": {"runtime": 337}}