{"Training_Loss": 0.9875811202685914, "Validation_Loss": 0.9547972274522711, "Training_R2": 0.005907252381457728, "Validation_R2": -0.036091560031217274, "Training_F1": 0.5529938611094195, "Validation_F1": 0.4664117685847909, "Training_NEP": 0.8922166899401085, "Validation_NEP": 1.2176506793477677, "Training_NDE": 0.5061572171855276, "Validation_NDE": 0.6823526950419583, "Training_MAE": 38.51184418533404, "Validation_MAE": 56.65164511766425, "Training_MSE": 1921.311767578125, "Validation_MSE": 4326.1728515625, "_timestamp": 1650228757, "_runtime": 6724, "_step": 59, "Test_Loss": 0.94583480810597, "Test_R2_Value": 0.005047648192244791, "Test_F1_Score": 0.4430170323142338, "Test_NEP": 1.1280523272213847, "Test_NDE": 0.634844524173231, "Test_MAE": 55.72568139644584, "Test_MSE": 4280.4501953125}