{"Training_Loss": 0.9907497415472056, "Validation_Loss": 0.9261399377001464, "Training_R2": 0.0019549106386447246, "Validation_R2": -0.003153222954805024, "Training_F1": 0.41685184568266004, "Validation_F1": 0.4423564793379747, "Training_NEP": 1.1563305542947728, "Validation_NEP": 1.1921961468566353, "Training_NDE": 0.6603326535250694, "Validation_NDE": 0.6606600532510983, "Training_MAE": 53.658817621993556, "Validation_MAE": 55.46736364369003, "Training_MSE": 4202.27099609375, "Validation_MSE": 4188.6396484375, "_timestamp": 1650220757, "_runtime": 1777, "_step": 19}