{"Training_Loss": 0.10113594125847793, "Validation_Loss": 0.9621658888128068, "Training_R2": 0.898798687772804, "Validation_R2": 0.10118100818361919, "Training_F1": 0.8584384618749483, "Validation_F1": 0.1775694525925826, "Training_NEP": 0.2830234112208334, "Validation_NEP": 1.276715058212212, "Training_NDE": 0.06816821919022266, "Validation_NDE": 0.7157720646397672, "Training_MAE": 18.57534506981833, "Validation_MAE": 35.01282366249296, "Training_MSE": 899.5968627929688, "Validation_MSE": 2643.326416015625, "_timestamp": 1646682208, "_runtime": 432, "_step": 53, "_wandb": {"runtime": 434}}