{"Training_Loss": 1.0148477592360985, "Validation_Loss": 1.028592918059197, "Training_R2": -0.0011611887545635025, "Validation_R2": -0.0005561840365548854, "Training_F1": 0.2946030677933491, "Validation_F1": 0.4981017694849195, "Training_NEP": 1.4030361552389152, "Validation_NEP": 1.024838383465996, "Training_NDE": 0.7449475780705064, "Validation_NDE": 0.6258372484779545, "Training_MAE": 42.766452833346484, "Validation_MAE": 55.11685399051913, "Training_MSE": 2704.5576171875, "Validation_MSE": 4833.42919921875, "_timestamp": 1650096239, "_runtime": 7593, "_step": 54}