{"Training_Loss": 0.9869401565213287, "Validation_Loss": 0.7845922293019121, "Training_R2": -0.0008300594300685304, "Validation_R2": 0.002392203884195254, "Training_F1": 0.29220987404636245, "Validation_F1": 0.27551267802890084, "Training_NEP": 1.4135438752319633, "Validation_NEP": 1.6462640011295522, "Training_NDE": 0.7457743535761463, "Validation_NDE": 0.7869876105918778, "Training_MAE": 42.37756714341808, "Validation_MAE": 42.605870276060095, "Training_MSE": 2630.18408203125, "Validation_MSE": 2496.7080078125, "_timestamp": 1650126646, "_runtime": 4744, "_step": 53}