{"Training_Loss": 0.7691539170749393, "Validation_Loss": 0.959709441398873, "Training_R2": 0.23084963373308742, "Validation_R2": 0.23209442202655228, "Training_F1": 0.6802887719857144, "Validation_F1": 0.3809489546007111, "Training_NEP": 0.6377165430565461, "Validation_NEP": 1.1343817005406895, "Training_NDE": 0.3843603684253275, "Validation_NDE": 0.6218339095340197, "Training_MAE": 44.21303310596649, "Validation_MAE": 32.40918014910486, "Training_MSE": 3692.932373046875, "Validation_MSE": 2668.2958984375, "_timestamp": 1649828634, "_runtime": 338, "_step": 8, "_wandb": {"runtime": 337}}