{"Training_Loss": 0.8620332895605652, "Validation_Loss": 0.7645138725022639, "Training_R2": 0.14229721073957124, "Validation_R2": 0.20071487023702572, "Training_F1": 0.6462659929858942, "Validation_F1": 0.6401554633449108, "Training_NEP": 0.704621627341953, "Validation_NEP": 0.6694429440221205, "Training_NDE": 0.424033224046161, "Validation_NDE": 0.4265171106491659, "Training_MAE": 49.50033535975733, "Validation_MAE": 45.50343825252628, "Training_MSE": 4138.87353515625, "Validation_MSE": 4225.33154296875, "_timestamp": 1650068183, "_runtime": 345, "_step": 8, "_wandb": {"runtime": 529}}