{"Training_Loss": 1.1841481119762232, "Validation_Loss": 0.807280856469446, "Training_R2": -0.17819943013052475, "Validation_R2": 0.15597876101031072, "Training_F1": 0.6217194315493304, "Validation_F1": 0.6351424578535574, "Training_NEP": 0.7556267082564408, "Validation_NEP": 0.6924662617688886, "Training_NDE": 0.5824811451976063, "Validation_NDE": 0.45038933764120603, "Training_MAE": 53.08349050621928, "Validation_MAE": 47.06838135456866, "Training_MSE": 5685.439453125, "Validation_MSE": 4461.82470703125, "_timestamp": 1650071589, "_runtime": 346, "_step": 8, "_wandb": {"runtime": 529}}