{"Training_Loss": 0.015114981082401105, "Validation_Loss": 0.25855595866839093, "Training_R2": 0.9852453836117789, "Validation_R2": 0.765377672384109, "Training_F1": 0.9349838178954798, "Validation_F1": 0.7351980052573105, "Training_NEP": 0.13023823706834659, "Validation_NEP": 0.5319877042662432, "Training_NDE": 0.011076552417484247, "Validation_NDE": 0.18684085380621512, "Training_MAE": 4.313232121427581, "Validation_MAE": 14.589309932766849, "Training_MSE": 48.7350959777832, "Validation_MSE": 689.9981079101562, "_timestamp": 1646687724, "_runtime": 1027, "_step": 139, "_wandb": {"runtime": 1030}}