{"Training_Loss": 0.9873369143466757, "Validation_Loss": 0.7976925829901312, "Training_R2": -0.0012324021381504568, "Validation_R2": -0.014221420470213353, "Training_F1": 0.29258163040798907, "Validation_F1": 0.2659144048094596, "Training_NEP": 1.4135043014632156, "Validation_NEP": 1.6544660124910402, "Training_NDE": 0.7460741615907124, "Validation_NDE": 0.8000936795148089, "Training_MAE": 42.37638073521978, "Validation_MAE": 42.818141109796706, "Training_MSE": 2631.241455078125, "Validation_MSE": 2538.28662109375, "_timestamp": 1650148743, "_runtime": 4770, "_step": 53}