{"Training_Loss": 0.8336649794821386, "Validation_Loss": 1.0880943370216034, "Training_R2": 0.16633887380831913, "Validation_R2": 0.12944652914447852, "Training_F1": 0.6523587421722915, "Validation_F1": 0.2931201381838697, "Training_NEP": 0.6959906214777699, "Validation_NEP": 1.2297282189261658, "Training_NDE": 0.4165977312864107, "Validation_NDE": 0.7049560307520223, "Training_MAE": 48.253188228975105, "Validation_MAE": 35.133221350996585, "Training_MSE": 4002.668212890625, "Validation_MSE": 3024.9736328125, "_timestamp": 1649867288, "_runtime": 334, "_step": 8, "_wandb": {"runtime": 335}}